{
  "hour": {
    "0": 0,
    "1": 1,
    "2": 2,
    "3": 3,
    "4": 4,
    "5": 5,
    "6": 6,
    "7": 7,
    "8": 8,
    "9": 9,
    "10": 10,
    "11": 11,
    "12": 12,
    "13": 13,
    "14": 14,
    "15": 15,
    "16": 16,
    "17": 17,
    "18": 18,
    "19": 19,
    "20": 20,
    "21": 21,
    "22": 22,
    "23": 23
  },
  "weekday_vol_norm": {
    "0": 0.0569918137,
    "1": 0.0378377694,
    "2": 0.0323446427,
    "3": 0.044963688,
    "4": 0.0844896907,
    "5": 0.3206543322,
    "6": 0.7154954539,
    "7": 0.8820356986,
    "8": 1.0,
    "9": 0.8641402904,
    "10": 0.7171992344,
    "11": 0.7112481888,
    "12": 0.7107045944,
    "13": 0.7574007466,
    "14": 0.8226814712,
    "15": 0.8695089382,
    "16": 0.9329859632,
    "17": 0.7672757984,
    "18": 0.6427398041,
    "19": 0.456291577,
    "20": 0.2824884569,
    "21": 0.2218201674,
    "22": 0.1939199258,
    "23": 0.1224948844
  },
  "saturday_vol_norm": {
    "0": 0.1448743171,
    "1": 0.095932549,
    "2": 0.0593979563,
    "3": 0.0562739506,
    "4": 0.0744334427,
    "5": 0.1526625814,
    "6": 0.1968074948,
    "7": 0.2529256572,
    "8": 0.4075676305,
    "9": 0.5074437776,
    "10": 0.5728302559,
    "11": 0.5981843778,
    "12": 0.5754557181,
    "13": 0.5622512632,
    "14": 0.5892999072,
    "15": 0.5509990153,
    "16": 0.5170295609,
    "17": 0.4703767496,
    "18": 0.4415764774,
    "19": 0.3572528403,
    "20": 0.207881297,
    "21": 0.1523711345,
    "22": 0.1558425185,
    "23": 0.1378495487
  },
  "sunday_vol_norm": {
    "0": 0.1052775676,
    "1": 0.062095599,
    "2": 0.0326689246,
    "3": 0.0223242892,
    "4": 0.0185354486,
    "5": 0.0414537996,
    "6": 0.045737211,
    "7": 0.04655155,
    "8": 0.092266909,
    "9": 0.1797039189,
    "10": 0.2500276984,
    "11": 0.3470711676,
    "12": 0.3650955638,
    "13": 0.3687767948,
    "14": 0.4155255134,
    "15": 0.4250070221,
    "16": 0.42727842,
    "17": 0.4033517704,
    "18": 0.3765854419,
    "19": 0.2805586397,
    "20": 0.1882703472,
    "21": 0.1635344521,
    "22": 0.1380512079,
    "23": 0.0655815299
  }
}