{
  "hour": {
    "0": 0,
    "1": 1,
    "2": 2,
    "3": 3,
    "4": 4,
    "5": 5,
    "6": 6,
    "7": 7,
    "8": 8,
    "9": 9,
    "10": 10,
    "11": 11,
    "12": 12,
    "13": 13,
    "14": 14,
    "15": 15,
    "16": 16,
    "17": 17,
    "18": 18,
    "19": 19,
    "20": 20,
    "21": 21,
    "22": 22,
    "23": 23
  },
  "weekday_vol_norm": {
    "0": 0.105264035,
    "1": 0.0641271077,
    "2": 0.0487897413,
    "3": 0.058533222,
    "4": 0.1345285793,
    "5": 0.4364339938,
    "6": 0.8669530749,
    "7": 0.9743015163,
    "8": 0.8891705957,
    "9": 0.7909023507,
    "10": 0.7073976508,
    "11": 0.7485966876,
    "12": 0.784458004,
    "13": 0.7850716798,
    "14": 0.8325418398,
    "15": 0.9036144407,
    "16": 1.0,
    "17": 0.934623437,
    "18": 0.716411392,
    "19": 0.53289514,
    "20": 0.4592366276,
    "21": 0.4318691636,
    "22": 0.3434723574,
    "23": 0.2228864369
  },
  "saturday_vol_norm": {
    "0": 0.2009022707,
    "1": 0.1236579275,
    "2": 0.0957350623,
    "3": 0.066062985,
    "4": 0.0676848827,
    "5": 0.1220807999,
    "6": 0.2109983184,
    "7": 0.3155496719,
    "8": 0.4526759861,
    "9": 0.5649479382,
    "10": 0.6354800782,
    "11": 0.6936118389,
    "12": 0.7428390814,
    "13": 0.7285512756,
    "14": 0.7330181222,
    "15": 0.7237698877,
    "16": 0.7211030301,
    "17": 0.6974300052,
    "18": 0.6519073727,
    "19": 0.5417308767,
    "20": 0.4694502865,
    "21": 0.478608083,
    "22": 0.4778465089,
    "23": 0.3522131461
  },
  "sunday_vol_norm": {
    "0": 0.2216014651,
    "1": 0.1365887957,
    "2": 0.1017524853,
    "3": 0.0610982612,
    "4": 0.0541036921,
    "5": 0.0846603942,
    "6": 0.1438417122,
    "7": 0.1984088268,
    "8": 0.3039750473,
    "9": 0.4385370283,
    "10": 0.5563227031,
    "11": 0.6118470172,
    "12": 0.6691081089,
    "13": 0.6807751741,
    "14": 0.6753548814,
    "15": 0.6799675617,
    "16": 0.6818049769,
    "17": 0.645107783,
    "18": 0.5792600501,
    "19": 0.4987429529,
    "20": 0.4399079334,
    "21": 0.3819747445,
    "22": 0.2929388551,
    "23": 0.1967998382
  }
}