{"hour":{"0":0,"1":1,"2":2,"3":3,"4":4,"5":5,"6":6,"7":7,"8":8,"9":9,"10":10,"11":11,"12":12,"13":13,"14":14,"15":15,"16":16,"17":17,"18":18,"19":19,"20":20,"21":21,"22":22,"23":23},"weekday_vol_norm":{"0":0.0,"1":0.0,"2":0.0,"3":0.0828748062,"4":0.3400068907,"5":0.7917939376,"6":0.9481613678,"7":0.9373429782,"8":0.7139461352,"9":0.8587583277,"10":0.9748542314,"11":1.0,"12":0.9398281964,"13":0.9228039362,"14":0.9910093664,"15":0.9240195484,"16":0.9260678206,"17":0.8046911263,"18":0.5196746596,"19":0.3506085666,"20":0.0,"21":0.0,"22":0.0,"23":0.0},"saturday_vol_norm":{"0":0.0,"1":0.0,"2":0.0,"3":0.0897558384,"4":0.1717329419,"5":0.3509767035,"6":0.6279618833,"7":0.849992066,"8":0.7623162117,"9":0.8376282795,"10":0.9725722428,"11":0.8833500016,"12":0.84543615,"13":0.8423692612,"14":0.9605301364,"15":0.9190076384,"16":0.8440601853,"17":0.8454864864,"18":0.5507625188,"19":0.229956031,"20":0.0,"21":0.0,"22":0.0,"23":0.0},"sunday_vol_norm":{"0":0.0,"1":0.0,"2":0.0,"3":0.0454597804,"4":0.131444637,"5":0.2204632088,"6":0.3833318612,"7":0.5715114745,"8":0.6097641178,"9":0.7125493966,"10":0.7609274485,"11":0.3726402044,"12":0.3435610496,"13":0.4446086756,"14":0.4715560104,"15":0.5048609358,"16":0.5533328502,"17":0.4816473479,"18":0.3606684796,"19":0.2751314188,"20":0.0,"21":0.0,"22":0.0,"23":0.0}}