{
  "hour": {
    "0": 0,
    "1": 1,
    "2": 2,
    "3": 3,
    "4": 4,
    "5": 5,
    "6": 6,
    "7": 7,
    "8": 8,
    "9": 9,
    "10": 10,
    "11": 11,
    "12": 12,
    "13": 13,
    "14": 14,
    "15": 15,
    "16": 16,
    "17": 17,
    "18": 18,
    "19": 19,
    "20": 20,
    "21": 21,
    "22": 22,
    "23": 23
  },
  "weekday_vol_norm": {
    "0": 0.306312387,
    "1": 0.1994093425,
    "2": 0.1431214183,
    "3": 0.1291945693,
    "4": 0.1797863429,
    "5": 0.3504044035,
    "6": 0.6503716196,
    "7": 0.8968802999,
    "8": 0.9350586654,
    "9": 0.8326231985,
    "10": 0.7724519986,
    "11": 0.7804879867,
    "12": 0.8018903081,
    "13": 0.8301886191,
    "14": 0.9043230783,
    "15": 0.9702852678,
    "16": 0.9878927235,
    "17": 1.0,
    "18": 0.9527183105,
    "19": 0.8487234017,
    "20": 0.7241910941,
    "21": 0.6284504572,
    "22": 0.5521090353,
    "23": 0.4580111604
  },
  "saturday_vol_norm": {
    "0": 0.4819240387,
    "1": 0.3676657192,
    "2": 0.2882231022,
    "3": 0.2402581396,
    "4": 0.239183732,
    "5": 0.2625683262,
    "6": 0.3728713934,
    "7": 0.5087304962,
    "8": 0.6419616086,
    "9": 0.7364584041,
    "10": 0.8018939245,
    "11": 0.8575400664,
    "12": 0.900987127,
    "13": 0.9189549131,
    "14": 0.9394497595,
    "15": 0.9508250397,
    "16": 0.9440357483,
    "17": 0.9274380246,
    "18": 0.9068215384,
    "19": 0.8554788245,
    "20": 0.7784414239,
    "21": 0.7127306919,
    "22": 0.6723231221,
    "23": 0.6163136389
  },
  "sunday_vol_norm": {
    "0": 0.511662727,
    "1": 0.3967516192,
    "2": 0.3100366869,
    "3": 0.256663751,
    "4": 0.2379681537,
    "5": 0.2139611399,
    "6": 0.2665832555,
    "7": 0.3537291065,
    "8": 0.4511343323,
    "9": 0.5706480425,
    "10": 0.6925104058,
    "11": 0.7739751221,
    "12": 0.8253196791,
    "13": 0.8615062324,
    "14": 0.8922172097,
    "15": 0.89929053,
    "16": 0.8837583627,
    "17": 0.8573629186,
    "18": 0.8264040999,
    "19": 0.7705348759,
    "20": 0.6981501159,
    "21": 0.6096464065,
    "22": 0.525849386,
    "23": 0.4199106139
  }
}