{"hour":{"0":0,"1":1,"2":2,"3":3,"4":4,"5":5,"6":6,"7":7,"8":8,"9":9,"10":10,"11":11,"12":12,"13":13,"14":14,"15":15,"16":16,"17":17,"18":18,"19":19,"20":20,"21":21,"22":22,"23":23},"weekday_vol_norm":{"0":0.1501251634,"1":0.086339701,"2":0.0602205603,"3":0.041738696,"4":0.0398743669,"5":0.0923889456,"6":0.2723202373,"7":0.6465155416,"8":0.8368894498,"9":0.8393863236,"10":0.7750789463,"11":0.8011957398,"12":0.9269337889,"13":0.9518568135,"14":0.9196017194,"15":0.955540261,"16":0.9835996456,"17":1.0,"18":0.9968800799,"19":0.87497135,"20":0.6611287853,"21":0.5333335283,"22":0.4201354067,"23":0.2878898625},"saturday_vol_norm":{"0":0.3068767525,"1":0.2103651258,"2":0.1730052067,"3":0.1104736672,"4":0.0573995684,"5":0.0582195675,"6":0.1085866212,"7":0.2022919546,"8":0.3384616961,"9":0.5114898602,"10":0.6744830751,"11":0.7857916348,"12":0.88158528,"13":0.9197944818,"14":0.9238454286,"15":0.9137779578,"16":0.8838019776,"17":0.8389498447,"18":0.8107248899,"19":0.7548086785,"20":0.6499628691,"21":0.5682398634,"22":0.5070256125,"23":0.4265900954},"sunday_vol_norm":{"0":0.3266796198,"1":0.2267968363,"2":0.1888874005,"3":0.1325276823,"4":0.0627375574,"5":0.0521218085,"6":0.0785007931,"7":0.1358625349,"8":0.2169176468,"9":0.3655988575,"10":0.507767973,"11":0.6802919958,"12":0.7782602558,"13":0.8454287131,"14":0.8336944563,"15":0.8214570951,"16":0.7955289418,"17":0.7554374748,"18":0.7192767432,"19":0.6468092575,"20":0.5215277482,"21":0.4246486341,"22":0.3296277459,"23":0.2275672227}}