{
  "hour": {
    "0": 0,
    "1": 1,
    "2": 2,
    "3": 3,
    "4": 4,
    "5": 5,
    "6": 6,
    "7": 7,
    "8": 8,
    "9": 9,
    "10": 10,
    "11": 11,
    "12": 12,
    "13": 13,
    "14": 14,
    "15": 15,
    "16": 16,
    "17": 17,
    "18": 18,
    "19": 19,
    "20": 20,
    "21": 21,
    "22": 22,
    "23": 23
  },
  "weekday_vol_norm": {
    "0": 0.4384751328,
    "1": 0.2940941512,
    "2": 0.2099344612,
    "3": 0.1815968787,
    "4": 0.2180866477,
    "5": 0.4587335522,
    "6": 0.9664662903,
    "7": 1.0,
    "8": 0.8350303545,
    "9": 0.8294020738,
    "10": 0.8212141952,
    "11": 0.804733488,
    "12": 0.8493948504,
    "13": 0.8305670969,
    "14": 0.7900688495,
    "15": 0.7853941187,
    "16": 0.7904086199,
    "17": 0.8624779327,
    "18": 0.8844806964,
    "19": 0.8883745261,
    "20": 0.7750048934,
    "21": 0.6994438817,
    "22": 0.6245764632,
    "23": 0.5557781308
  },
  "saturday_vol_norm": {
    "0": 0.4915223821,
    "1": 0.3372304474,
    "2": 0.2327467034,
    "3": 0.1913117233,
    "4": 0.2098265557,
    "5": 0.3551543506,
    "6": 0.6299448103,
    "7": 0.8353060183,
    "8": 0.8418750171,
    "9": 0.8086506931,
    "10": 0.7884199858,
    "11": 0.7847505157,
    "12": 0.793328384,
    "13": 0.806864652,
    "14": 0.7890422236,
    "15": 0.7967925894,
    "16": 0.7703025787,
    "17": 0.7602407686,
    "18": 0.7314723697,
    "19": 0.6691840296,
    "20": 0.5832600206,
    "21": 0.5581992143,
    "22": 0.5329393174,
    "23": 0.5017804508
  },
  "sunday_vol_norm": {
    "0": 0.4228714892,
    "1": 0.2817401341,
    "2": 0.1858857557,
    "3": 0.1402125486,
    "4": 0.1453289462,
    "5": 0.2417157636,
    "6": 0.3252447494,
    "7": 0.4451291786,
    "8": 0.4358143037,
    "9": 0.4373745956,
    "10": 0.4543894522,
    "11": 0.4710616923,
    "12": 0.5081097522,
    "13": 0.5819970249,
    "14": 0.5878886416,
    "15": 0.6150752444,
    "16": 0.5986524814,
    "17": 0.5868255816,
    "18": 0.5696691243,
    "19": 0.5400667534,
    "20": 0.505766614,
    "21": 0.5261413918,
    "22": 0.5067258606,
    "23": 0.4799256027
  }
}